codigo,nome,origem,confirmacao,arquivo_local,dimensoes_fonte,variantes,peso_total_bytes,status_otimizacao,status_direitos,sha256_fonte
"BD95127","Carteira magnética em PU de grande capacidade com bloqueio RFID","foto oficial da planilha (coluna Foto oficial (URL))","confere com a miniatura ancorada (distancia 0.014)","public/catalog/products/bd95127/cover-800.webp","1000x1000","480px / 800px / 1000px","44606","webp q80","autorizado pela Premiare (docs/RIGHTS_CLEARANCE.md)","bb365dc0b637fce8"
"BDKV0160","Kit Vinho","foto oficial da planilha (coluna Foto oficial (URL))","confere com a miniatura ancorada (distancia 0.016)","public/catalog/products/bdkv0160/cover-800.webp","1000x1000","480px / 800px / 1000px","63160","webp q80","autorizado pela Premiare (docs/RIGHTS_CLEARANCE.md)","b9dff6948b74e6af"
"KIT-GA0008","Kit Garrafa Térmica Personalizada","foto oficial da planilha (coluna Foto oficial (URL))","confere com a miniatura ancorada (distancia 0.030)","public/catalog/products/kit-ga0008/cover-800.webp","1200x2128","480px / 800px / 1200px","25586","webp q80","autorizado pela Premiare (docs/RIGHTS_CLEARANCE.md)","fafd984919d599e9"
"BD-STANLEYPILSNER444ML","Copo Stanley Pilsner Glass Happy Hour Azure 444 mL","imagem pesquisada no site do fornecedor, editada para remover logotipo","SKU confirmado em https://astorbrindes.com.br/brinde/copo-stanley-pilsner-glass-happy-hour-stanley-azure-444ml","public/catalog/products/bd-stanleypilsner444ml/cover-800.webp","1254x1254","480px / 800px / 1200px","26090","webp q80","nova imagem pesquisada a pedido do cliente; autorizacao externa a confirmar","80401b6c135b6769"
"KIT-ESPU025","Kit Espumante Personalizado","foto oficial da planilha (coluna Foto oficial (URL))","confere com a miniatura ancorada (distancia 0.032)","public/catalog/products/kit-espu025/cover-800.webp","401x586","401px / 401px / 401px","15996","webp q80","autorizado pela Premiare (docs/RIGHTS_CLEARANCE.md)","305714d4b49811de"
"BD97194","Cordão lanyard com suporte para celular, cabo USB-C e adaptadores reciclados","foto oficial da planilha (coluna Foto oficial (URL))","confere com a miniatura ancorada (distancia 0.041)","public/catalog/products/bd97194/cover-800.webp","1000x1000","480px / 800px / 1000px","28578","webp q80","autorizado pela Premiare (docs/RIGHTS_CLEARANCE.md)","ba0380fc9433ac61"
"BD97161","Conjunto de cabo espiral com carregamento super-rápido e adaptadores","foto oficial da planilha (coluna Foto oficial (URL))","confere com a miniatura ancorada (distancia 0.016)","public/catalog/products/bd97161/cover-800.webp","1000x1000","480px / 800px / 1000px","34082","webp q80","autorizado pela Premiare (docs/RIGHTS_CLEARANCE.md)","d883e8880ec8d01b"
"BD-POWERBANKPB198","Powerbank 20000mAh Personalizado","foto oficial da planilha (coluna Foto oficial (URL))","confere com a miniatura ancorada (distancia 0.023)","public/catalog/products/bd-powerbankpb198/cover-800.webp","1600x1471","480px / 800px / 1200px","28798","webp q80","autorizado pela Premiare (docs/RIGHTS_CLEARANCE.md)","fbd8ba23415e0bec"
"BD18673","Estojo para Kit tecnológico","foto oficial da planilha (coluna Foto oficial (URL))","confere com a miniatura ancorada (distancia 0.019)","public/catalog/products/bd18673/cover-800.webp","300x300","300px / 300px / 300px","21396","webp q80","autorizado pela Premiare (docs/RIGHTS_CLEARANCE.md)","b1956af77cf6de07"
"BD94399","Kit churrasco em caixa presente de papel kraft reciclado com 2 utensílios em aço inox e bambu","foto oficial da planilha (coluna Foto oficial (URL))","confere com a miniatura ancorada (distancia 0.021)","public/catalog/products/bd94399/cover-800.webp","1000x1000","480px / 800px / 1000px","31960","webp q80","autorizado pela Premiare (docs/RIGHTS_CLEARANCE.md)","14721613481952e4"
"BD94397","Squeeze em vidro fosco 520 mL","foto oficial da planilha (coluna Foto oficial (URL))","confere com a miniatura ancorada (distancia 0.065)","public/catalog/products/bd94397/cover-800.webp","1000x1000","480px / 800px / 1000px","14020","webp q80","autorizado pela Premiare (docs/RIGHTS_CLEARANCE.md)","c59a03f88aaf8e2f"
"BDGA7950","Garrafa em Alumínio Reciclado","foto oficial da planilha (coluna Foto oficial (URL))","confere com a miniatura ancorada (distancia 0.083)","public/catalog/products/bdga7950/cover-800.webp","300x300","300px / 300px / 300px","4500","webp q80","autorizado pela Premiare (docs/RIGHTS_CLEARANCE.md)","c7531e95763b8411"
"BD-1000002","Chapéu Produtor — fibra de bambu cor palha","foto oficial da planilha (coluna Foto oficial (URL))","confere com a miniatura ancorada (distancia 0.034)","public/catalog/products/bd-1000002/cover-800.webp","300x300","300px / 300px / 300px","17364","webp q80","autorizado pela Premiare (docs/RIGHTS_CLEARANCE.md)","333e360f7df40bc8"
"KIT-VBE002","Kit Viagem Personalizado","foto oficial da planilha, editada para remover marcas do cliente","edicao visual da foto oficial do mesmo SKU","public/catalog/products/kit-vbe002/cover-800.webp","1254x1254","480px / 800px / 1200px","55854","webp q80","derivada de material autorizado pela Premiare","c6d69d3591c0a2ad"
"BD-BLCAPNOTSBL","Capa para notebook em neoprene personalizada","foto oficial da planilha, editada para remover marcas de aplicativos","edicao visual da foto oficial do mesmo SKU","public/catalog/products/bd-blcapnotsbl/cover-800.webp","1254x1254","480px / 800px / 1200px","46058","webp q80","derivada de material autorizado pela Premiare","2cc243fb98db3576"
"BD-BLCAPNOTISO","Capa para Notebook Neoplex 5 mm Personalizada","foto oficial da planilha, editada para remover marcas de terceiros","edicao visual da foto oficial do mesmo SKU","public/catalog/products/bd-blcapnotiso/cover-800.webp","1254x1254","480px / 800px / 1200px","22654","webp q80","derivada de material autorizado pela Premiare","b614fc4612ae6beb"
"BD09274","Suporte Celular Alumínio","foto oficial da planilha (coluna Foto oficial (URL))","confere com a miniatura ancorada (distancia 0.098)","public/catalog/products/bd09274/cover-800.webp","1000x1000","480px / 800px / 1000px","28546","webp q80","autorizado pela Premiare (docs/RIGHTS_CLEARANCE.md)","2f4c1086a21af226"
"BD-LUMINARIA","Luminária para Leitura de Livro Personalizada","foto oficial da planilha (coluna Foto oficial (URL))","confere com a miniatura ancorada (distancia 0.093)","public/catalog/products/bd-luminaria/cover-800.webp","420x420","420px / 420px / 420px","7284","webp q80","autorizado pela Premiare (docs/RIGHTS_CLEARANCE.md)","041774ba952125ae"
"BD94398","Caneca em vidro com efeito fosco (530 mL)","foto oficial da planilha (coluna Foto oficial (URL))","confere com a miniatura ancorada (distancia 0.024)","public/catalog/products/bd94398/cover-800.webp","1000x1000","480px / 800px / 1000px","14320","webp q80","autorizado pela Premiare (docs/RIGHTS_CLEARANCE.md)","3b025f7fefb678e7"
"BD94435","Kit para caipirinha com 5 peças em bambu","foto oficial da planilha (coluna Foto oficial (URL))","confere com a miniatura ancorada (distancia 0.017)","public/catalog/products/bd94435/cover-800.webp","1000x1000","480px / 800px / 1000px","34796","webp q80","autorizado pela Premiare (docs/RIGHTS_CLEARANCE.md)","97447b57b3b74f6d"
"BDCO9310","Copo em inox com canudo","foto oficial da planilha (coluna Foto oficial (URL))","confere com a miniatura ancorada (distancia 0.022)","public/catalog/products/bdco9310/cover-800.webp","1000x1000","480px / 800px / 1000px","54036","webp q80","autorizado pela Premiare (docs/RIGHTS_CLEARANCE.md)","6874a1bdde251c41"
"KIT-COA0032","Kit Coador de Café Personalizado","imagem pesquisada no site do fornecedor, editada para remover marcas","SKU confirmado em https://astorbrindes.com.br/brinde/kit-coador-personalizado-18","public/catalog/products/kit-coa0032/cover-800.webp","1254x1254","480px / 800px / 1200px","99056","webp q80","nova imagem pesquisada a pedido do cliente; autorizacao externa a confirmar","fc1088ecf40215f8"
"KIT-FRA3047","Kit Café com Cafeteira Francesa Personalizado","foto oficial da planilha, editada para remover marcas de terceiros","edicao visual da foto oficial do mesmo SKU","public/catalog/products/kit-fra3047/cover-800.webp","1254x1254","480px / 800px / 1200px","66820","webp q80","derivada de material autorizado pela Premiare","9cdb7e22ccbce2bf"
"BDGA8400","Garrafa Térmica 500 mL","foto oficial da planilha (coluna Foto oficial (URL))","confere com a miniatura ancorada (distancia 0.067)","public/catalog/products/bdga8400/cover-800.webp","1000x1000","480px / 800px / 1000px","14968","webp q80","autorizado pela Premiare (docs/RIGHTS_CLEARANCE.md)","083e9fdb5cbbf0b5"
"BD-DRIPCOFFEE10G","Drip Coffee Sachê Personalizado","foto oficial da planilha, editada para remover texto de mockup","edicao visual da foto oficial do mesmo SKU","public/catalog/products/bd-dripcoffee10g/cover-800.webp","1254x1254","480px / 800px / 1200px","75096","webp q80","derivada de material autorizado pela Premiare","28a3f08ebb338e34"
"BD-CHAVEIROTAGNFC","Chaveiro TAG NFC Personalizado","foto oficial da planilha (coluna Foto oficial (URL))","confere com a miniatura ancorada (distancia 0.029)","public/catalog/products/bd-chaveirotagnfc/cover-800.webp","1200x1200","480px / 800px / 1200px","65394","webp q80","autorizado pela Premiare (docs/RIGHTS_CLEARANCE.md)","8c53285c52c77707"
"BD-COPOCOMTIRANTE","Eco Copo Personalizado 550 mL — In Mold Label","imagem pesquisada no site do fornecedor, editada para remover marcas e legenda","SKU confirmado em https://astorbrindes.com.br/brinde/eco-copo-personalizado-550ml-in-mold-label","public/catalog/products/bd-copocomtirante/cover-800.webp","990x1588","480px / 800px / 990px","88082","webp q80","nova imagem pesquisada a pedido do cliente; autorizacao externa a confirmar","135fab54aaa530d0"
"BD-CHAVEIROESMALTADO","Chaveiro Metal Esmaltado Personalizado","foto oficial da planilha, editada para remover arte do cliente","edicao visual da foto oficial do mesmo SKU","public/catalog/products/bd-chaveiroesmaltado/cover-800.webp","1254x1254","480px / 800px / 1200px","41044","webp q80","derivada de material autorizado pela Premiare","16fe67a44f5fdcd1"
"BDKWS100","Kit Drink","foto oficial da planilha (coluna Foto oficial (URL))","confere com a miniatura ancorada (distancia 0.022)","public/catalog/products/bdkws100/cover-800.webp","1000x1000","480px / 800px / 1000px","101894","webp q80","autorizado pela Premiare (docs/RIGHTS_CLEARANCE.md)","d46c622307c5ae6e"
"KIT-BOAS0008","Kit Boas-Vindas Personalizado — squeeze, caderno e caneta","foto oficial da planilha, editada para remover marca do cliente","edicao visual da foto oficial do mesmo SKU","public/catalog/products/kit-boas0008/cover-800.webp","1254x1254","480px / 800px / 1200px","56454","webp q80","derivada de material autorizado pela Premiare","d7fdff9d6b0f51cd"
"KIT-BOAS0058","Kit Boas-Vindas — troféu, porta-crachá, caneca e sacochila","foto oficial da planilha, editada para remover marca do cliente","edicao visual da foto oficial do mesmo SKU","public/catalog/products/kit-boas0058/cover-800.webp","1254x1254","480px / 800px / 1200px","88232","webp q80","derivada de material autorizado pela Premiare","b7acb41a36356f5b"
"KIT-BOAS0056","Kit Boas-Vindas — caderneta, camiseta e copo térmico","foto oficial da planilha, editada para remover marca do cliente","edicao visual da foto oficial do mesmo SKU","public/catalog/products/kit-boas0056/cover-800.webp","1254x1254","480px / 800px / 1200px","64116","webp q80","derivada de material autorizado pela Premiare","5ac3e939155a309f"
"BD-CAIXACARTONADA02","Caixa Cartonada Personalizada","foto oficial da planilha (coluna Foto oficial (URL))","confere com a miniatura ancorada (distancia 0.017)","public/catalog/products/bd-caixacartonada02/cover-800.webp","1200x1200","480px / 800px / 1200px","28940","webp q80","autorizado pela Premiare (docs/RIGHTS_CLEARANCE.md)","e2b76a322bcd57c7"
"BD-W8DWXU5QR","Caixa Retangular Pequim Tampa e Fundo","foto oficial da planilha (coluna Foto oficial (URL))","confere com a miniatura ancorada (distancia 0.021)","public/catalog/products/bd-w8dwxu5qr/cover-800.webp","1080x1080","480px / 800px / 1080px","31462","webp q80","autorizado pela Premiare (docs/RIGHTS_CLEARANCE.md)","9f4725533fd2d33e"
"BD-ROUPAO","Roupão Personalizado","foto oficial da planilha, editada para remover bordado do cliente","edicao visual da foto oficial do mesmo SKU","public/catalog/products/bd-roupao/cover-800.webp","1254x1254","480px / 800px / 1200px","160234","webp q80","derivada de material autorizado pela Premiare","53f7c9feb9d1990b"
"BD98166","Cartão multifunções em aço inox com 20 funções","foto oficial da planilha (coluna Foto oficial (URL))","confere com a miniatura ancorada (distancia 0.036)","public/catalog/products/bd98166/cover-800.webp","1000x1000","480px / 800px / 1000px","19258","webp q80","autorizado pela Premiare (docs/RIGHTS_CLEARANCE.md)","8c3cc216f91b0bee"
"BD95114","Borrifador de perfume recarregável com invólucro em bambu natural","foto oficial da planilha (coluna Foto oficial (URL))","confere com a miniatura ancorada (distancia 0.294)","public/catalog/products/bd95114/cover-800.webp","1000x1000","480px / 800px / 1000px","11926","webp q80","autorizado pela Premiare (docs/RIGHTS_CLEARANCE.md)","af00e19e98c6f090"
"BD95112","Espelho redondo de dupla face com exterior em PU mate","foto oficial da planilha (coluna Foto oficial (URL))","confere com a miniatura ancorada (distancia 0.054)","public/catalog/products/bd95112/cover-800.webp","1000x1000","480px / 800px / 1000px","10078","webp q80","autorizado pela Premiare (docs/RIGHTS_CLEARANCE.md)","a71048002944f3fd"
"BD95111","Borrifador de perfume recarregável em alumínio","foto oficial da planilha (coluna Foto oficial (URL))","confere com a miniatura ancorada (distancia 0.031)","public/catalog/products/bd95111/cover-800.webp","1000x1000","480px / 800px / 1000px","20594","webp q80","autorizado pela Premiare (docs/RIGHTS_CLEARANCE.md)","5025958976d2ac97"
"BD-BISCOITOSORTE","Biscoito da sorte personalizado com frases","foto oficial da planilha (coluna Foto oficial (URL))","confere com a miniatura ancorada (distancia 0.033)","public/catalog/products/bd-biscoitosorte/cover-800.webp","1080x1080","480px / 800px / 1080px","32258","webp q80","autorizado pela Premiare (docs/RIGHTS_CLEARANCE.md)","c88e388b58e53a5c"
